Año,Pais,Id_Pais,Hombres_origen,Mujeres_origen,Hombres_destino,Mujeres_destino
2000.0,Burundi,BY,388445.0,370228.0,61094.0,64534.0
2000.0,Comoros,COM,36958.0,33544.0,6511.0,7288.0
2000.0,Djibouti,DJI,5201.0,3854.0,52920.0,47587.0
2000.0,Eritrea,ERI,255453.0,256053.0,6856.0,6096.0
2000.0,Ethiopia,ETH,239365.0,206521.0,322219.0,289165.0
2000.0,Kenya,KEN,154208.0,163226.0,352933.0,354919.0
2000.0,Madagascar,MDG,32318.0,44771.0,13276.0,10265.0
2000.0,Malawi,MWI,110217.0,76012.0,111530.0,121090.0
2000.0,Mauritius,MUS,53306.0,65697.0,5705.0,9838.0
2000.0,Mayotte,MYT,2976.0,3238.0,23546.0,21928.0
2000.0,Mozambique,MOZ,391190.0,253231.0,103175.0,92527.0
2000.0,Réunion,REU,1057.0,1303.0,52264.0,48414.0
2000.0,Rwanda,RWA,157926.0,160272.0,175741.0,171335.0
2000.0,Seychelles,SYC,8747.0,10497.0,3837.0,2737.0
2000.0,Somalia,SOM,517690.0,488438.0,10628.0,9469.0
2000.0,South Sudan,SSD,190326.0,152302.0,0.0,0.0
2000.0,Uganda,UGS,254464.0,263312.0,290859.0,293421.0
2000.0,United Republic of Tanzania,TZA,108653.0,106807.0,481816.0,467784.0
2000.0,Zambia,ZMB,77129.0,83072.0,175114.0,168589.0
2000.0,Zimbabwe,ZWE,181675.0,170310.0,233881.0,176228.0
2000.0,Angola,AGO,457876.0,455330.0,23367.0,22741.0
2000.0,Cameroon,CMR,85099.0,79197.0,124008.0,103234.0
2000.0,Central African Republic,CAF,27493.0,27923.0,65636.0,57893.0
2000.0,Chad,TCD,107494.0,98558.0,56463.0,48362.0
2000.0,Congo,COG,70562.0,64673.0,153107.0,152773.0
2000.0,Democratic Republic of the Congo,COD,426558.0,435481.0,365092.0,379295.0
2000.0,Equatorial Guinea,GNQ,28899.0,31031.0,2394.0,2123.0
2000.0,Gabon,GAB,8985.0,9056.0,122986.0,91445.0
2000.0,Sao Tome and Principe,STP,11881.0,13264.0,2212.0,2153.0
2000.0,Algeria,DZA,580303.0,457682.0,137158.0,112952.0
2000.0,Egypt,EGY,1105517.0,602779.0,98224.0,86550.0
2000.0,Libya,LBY,42647.0,37367.0,368950.0,198486.0
2000.0,Morocco,MAR,1134308.0,942702.0,27233.0,25801.0
2000.0,Sudan,SND,502757.0,382903.0,404618.0,400468.0
2000.0,Tunisia,TUN,282149.0,204815.0,18679.0,18040.0
2000.0,Western Sahara,ESH,91072.0,74988.0,1837.0,1452.0
2000.0,Botswana,BWA,16140.0,10543.0,43840.0,31094.0
2000.0,Eswatini,SWZ,19127.0,14989.0,17921.0,16163.0
2000.0,Lesotho,LSO,67211.0,53354.0,3335.0,2832.0
2000.0,Namibia,NAM,24829.0,24519.0,73154.0,62393.0
2000.0,South Africa,ZAF,245810.0,255790.0,607602.0,409361.0
2000.0,Benin,BEN,174755.0,153291.0,72190.0,62465.0
2000.0,Burkina Faso,BFA,715933.0,563481.0,250555.0,269808.0
2000.0,Cabo Verde,CPV,59328.0,65495.0,5753.0,5274.0
2000.0,Côte d'Ivoire,CIV,271361.0,267873.0,1198496.0,965148.0
2000.0,Gambia,GMB,26237.0,19190.0,97138.0,85376.0
2000.0,Ghana,GHA,251580.0,244307.0,97279.0,94322.0
2000.0,Guinea,GIN,211832.0,165187.0,279108.0,280967.0
2000.0,Guinea-Bissau,GNB,42477.0,35187.0,10155.0,10295.0
2000.0,Liberia,LBR,123295.0,125117.0,82129.0,69739.0
2000.0,Mali,MLI,430246.0,342620.0,97752.0,91723.0
2000.0,Mauritania,MRT,65705.0,41902.0,31163.0,26203.0
2000.0,Niger,NER,126966.0,78270.0,58192.0,64068.0
2000.0,Nigeria,NGA,352560.0,257570.0,270211.0,217671.0
2000.0,Saint Helena,SHN,1468.0,2247.0,61.0,47.0
2000.0,Senegal,SEN,241858.0,152750.0,121492.0,110409.0
2000.0,Sierra Leone,SLE,254796.0,254302.0,54184.0,43790.0
2000.0,Togo,TGO,130910.0,136254.0,69112.0,68856.0
2000.0,Kazakhstan,KAZ,1652929.0,1901555.0,1323580.0,1550614.0
2000.0,Kyrgyzstan,KGZ,273034.0,293281.0,162927.0,226897.0
2000.0,Tajikistan,TJK,299119.0,242064.0,131653.0,167846.0
2000.0,Turkmenistan,TKM,109999.0,114399.0,102810.0,116257.0
2000.0,Uzbekistan,UZB,787235.0,788730.0,606163.0,800335.0
2000.0,China,CHN,2924744.0,2960175.0,254082.0,253952.0
2000.0,"China, Hong Kong SAR",HKG,337228.0,348685.0,1225629.0,1443493.0
2000.0,"China, Macao SAR",MAC,47194.0,47323.0,109391.0,131400.0
2000.0,"China, Taiwan Province of China",TWN,0.0,0.0,0.0,0.0
2000.0,Dem. People's Republic of Korea,PRK,35986.0,36364.0,17731.0,18452.0
2000.0,Japan,JPN,340803.0,368130.0,796928.0,889516.0
2000.0,Mongolia,MNG,13870.0,16778.0,4564.0,3642.0
2000.0,Republic of Korea,KOR,918713.0,956695.0,143212.0,101012.0
2000.0,Brunei Darussalam,BRN,27186.0,18056.0,53807.0,42489.0
2000.0,Cambodia,KHM,223794.0,235827.0,71638.0,74447.0
2000.0,Indonesia,IDN,1344276.0,1070801.0,153315.0,138992.0
2000.0,Lao People's Democratic Republic,LAO,317564.0,331723.0,11564.0,10384.0
2000.0,Malaysia,MYS,539648.0,661487.0,822679.0,640919.0
2000.0,Myanmar,MMR,656671.0,567639.0,52150.0,45861.0
2000.0,Philippines,PHL,1307609.0,1755056.0,161904.0,156191.0
2000.0,Singapore,SGP,91193.0,101737.0,601671.0,750020.0
2000.0,Thailand,THA,197201.0,333827.0,647728.0,610093.0
2000.0,Timor-Leste,TLS,74436.0,73903.0,5095.0,5507.0
2000.0,Viet Nam,VNM,1102316.0,1056216.0,32825.0,23929.0
2000.0,Afghanistan,AFG,2610780.0,2139897.0,42848.0,33069.0
2000.0,Bangladesh,BGD,3192999.0,2248095.0,531907.0,455946.0
2000.0,Bhutan,BTN,61414.0,58769.0,26200.0,5937.0
2000.0,India,IND,4624266.0,3303785.0,3303591.0,3107740.0
2000.0,Iran (Islamic Republic of),IRN,456613.0,374592.0,1365390.0,1111079.0
2000.0,Maldives,MDV,698.0,518.0,14907.0,12185.0
2000.0,Nepal,NPL,524840.0,452556.0,241959.0,475941.0
2000.0,Pakistan,PAK,2060394.0,1346040.0,2249960.0,1931952.0
2000.0,Sri Lanka,LKA,525052.0,454041.0,21971.0,18161.0
2000.0,Armenia,ARM,469987.0,407161.0,270170.0,387730.0
2000.0,Azerbaijan,AZE,846926.0,783663.0,141161.0,186379.0
2000.0,Bahrain,BHR,24582.0,23154.0,165344.0,74017.0
2000.0,Cyprus,CYP,76411.0,77150.0,34745.0,45331.0
2000.0,Georgia,GEO,502617.0,464405.0,33321.0,42796.0
2000.0,Iraq,IRQ,469465.0,358949.0,120464.0,90061.0
2000.0,Israel,ISR,151741.0,152119.0,853712.0,997597.0
2000.0,Jordan,JOR,226138.0,142161.0,982977.0,944868.0
2000.0,Kuwait,KWT,66324.0,47091.0,761512.0,366128.0
2000.0,Lebanon,LBN,315472.0,243419.0,353305.0,339608.0
2000.0,Oman,OMN,8238.0,7385.0,488389.0,135219.0
2000.0,Qatar,QAT,7489.0,7191.0,274242.0,85455.0
2000.0,Saudi Arabia,SAU,89831.0,63783.0,3517768.0,1745619.0
2000.0,State of Palestine,PSE,1400058.0,1367273.0,124555.0,150647.0
2000.0,Syrian Arab Republic,SYR,407236.0,299834.0,427981.0,406935.0
2000.0,Turkey,TUR,1525093.0,1322241.0,616007.0,664956.0
2000.0,United Arab Emirates,ARE,66226.0,44856.0,1757200.0,689810.0
2000.0,Yemen,YEM,343820.0,185576.0,80514.0,64426.0
2000.0,Belarus,BLR,735866.0,949780.0,514593.0,608993.0
2000.0,Bulgaria,BGR,326504.0,362178.0,18238.0,25122.0
2000.0,Czechia,CZE,324606.0,398727.0,119227.0,101562.0
2000.0,Hungary,HUN,210583.0,210376.0,138219.0,158738.0
2000.0,Poland,POL,882240.0,1165386.0,338323.0,486928.0
2000.0,Republic of Moldova,MDA,299267.0,303506.0,101097.0,146731.0
2000.0,Romania,ROU,542472.0,596353.0,63121.0,71133.0
2000.0,Russian Federation,RUS,4509883.0,6154881.0,5982851.0,5917446.0
2000.0,Slovakia,SVK,125238.0,126295.0,51253.0,65123.0
2000.0,Ukraine,UKR,2618744.0,2977774.0,2368364.0,3158723.0
2000.0,Channel Islands,CHA,6316.0,6509.0,30234.0,34067.0
2000.0,Denmark,DNK,100345.0,117416.0,179977.0,191049.0
2000.0,Estonia,EST,65057.0,76764.0,100844.0,148668.0
2000.0,Faroe Islands,FRO,5236.0,7174.0,1921.0,1672.0
2000.0,Finland,FIN,125768.0,190093.0,67469.0,68734.0
2000.0,Iceland,ISL,12764.0,13409.0,7207.0,8685.0
2000.0,Ireland,IRL,361562.0,459095.0,172959.0,177593.0
2000.0,Isle of Man,IMN,3675.0,3702.0,18725.0,20277.0
2000.0,Latvia,LVA,108961.0,129680.0,177632.0,252546.0
2000.0,Lithuania,LTU,151578.0,196986.0,100546.0,113765.0
2000.0,Norway,NOR,71032.0,92802.0,144826.0,147614.0
2000.0,Sweden,SWE,112503.0,144107.0,480211.0,523587.0
2000.0,United Kingdom,GBR,1929157.0,1930849.0,2228628.0,2501537.0
2000.0,Albania,ALB,454773.0,369669.0,35990.0,40705.0
2000.0,Andorra,AND,2647.0,2928.0,22093.0,20054.0
2000.0,Bosnia and Herzegovina,BIH,732010.0,764681.0,39691.0,43261.0
2000.0,Croatia,HRV,435683.0,471348.0,274823.0,310475.0
2000.0,Gibraltar,GIB,4174.0,4277.0,3865.0,4189.0
2000.0,Greece,GRC,506166.0,476519.0,559794.0,551871.0
2000.0,Holy See,VAT,28.0,13.0,379.0,411.0
2000.0,Italy,ITA,1590861.0,1476637.0,976691.0,1144997.0
2000.0,Malta,MLT,52311.0,52558.0,10289.0,11232.0
2000.0,Montenegro,MNE,85403.0,98048.0,0.0,0.0
2000.0,North Macedonia,MNP,266937.0,265195.0,52385.0,73280.0
2000.0,Portugal,PRT,1021724.0,972069.0,320319.0,331153.0
2000.0,San Marino,SMR,1693.0,1801.0,2175.0,1870.0
2000.0,Serbia,SRB,592896.0,539023.0,437602.0,540271.0
2000.0,Slovenia,SVN,52205.0,66454.0,114772.0,99736.0
2000.0,Spain,ESP,588443.0,702171.0,838058.0,819227.0
2000.0,Austria,AUT,222934.0,255157.0,478318.0,518229.0
2000.0,Belgium,BEL,172734.0,226130.0,636275.0,632093.0
2000.0,France,FRA,748629.0,806762.0,3092789.0,3185929.0
2000.0,Germany,DEU,1520496.0,1714751.0,4503666.0,4488965.0
2000.0,Liechtenstein,LIE,1202.0,1486.0,7980.0,7503.0
2000.0,Luxembourg,LUX,19991.0,19771.0,69286.0,70464.0
2000.0,Monaco,MCO,2530.0,2594.0,10458.0,11329.0
2000.0,Netherlands,NLD,372460.0,375171.0,765302.0,791035.0
2000.0,Switzerland,CHE,169366.0,201076.0,841855.0,728901.0
2000.0,Anguilla,AIA,1276.0,1232.0,1910.0,2153.0
2000.0,Antigua and Barbuda,ATG,14856.0,17926.0,10316.0,12755.0
2000.0,Aruba,ABW,3395.0,4267.0,13519.0,16585.0
2000.0,Bahamas,BHS,14737.0,19564.0,19414.0,17040.0
2000.0,Barbados,BRB,44992.0,50006.0,12405.0,16019.0
2000.0,"Bonaire, Sint Eustatius and Saba",BES,326.0,321.0,0.0,0.0
2000.0,British Virgin Islands,VGB,1603.0,2080.0,6386.0,6572.0
2000.0,Cayman Islands,CYM,559.0,719.0,9671.0,9505.0
2000.0,Cuba,CUB,499590.0,548199.0,8212.0,10333.0
2000.0,Curaçao,CUW,1885.0,1894.0,0.0,0.0
2000.0,Dominica,DMA,22384.0,25891.0,1955.0,1768.0
2000.0,Dominican Republic,DOM,376036.0,513415.0,216008.0,139603.0
2000.0,Grenada,GRD,28883.0,34908.0,3386.0,3439.0
2000.0,Guadeloupe,GLP,3235.0,4515.0,39778.0,43410.0
2000.0,Haiti,HTI,433429.0,368789.0,9572.0,7650.0
2000.0,Jamaica,JAM,385488.0,472377.0,12503.0,12449.0
2000.0,Martinique,MTQ,6498.0,7521.0,25451.0,29041.0
2000.0,Montserrat,MSR,7083.0,9049.0,622.0,589.0
2000.0,Puerto Rico,PRI,688171.0,911887.0,168480.0,186558.0
2000.0,Saint Barthélemy,BLM,0.0,0.0,0.0,0.0
2000.0,Saint Kitts and Nevis,KNA,14309.0,16558.0,3068.0,2803.0
2000.0,Saint Lucia,LCA,17671.0,21885.0,4960.0,4911.0
2000.0,Saint Martin (French part),MAF,0.0,0.0,0.0,0.0
2000.0,Saint Vincent and the Grenadines,VCT,26215.0,27328.0,2099.0,2208.0
2000.0,Sint Maarten (Dutch part),SXM,591.0,595.0,0.0,0.0
2000.0,Trinidad and Tobago,TTO,133408.0,174387.0,19288.0,22465.0
2000.0,Turks and Caicos Islands,TCA,345.0,395.0,4665.0,4350.0
2000.0,United States Virgin Islands,VIR,2181.0,1633.0,26730.0,29881.0
2000.0,Belize,BLZ,20421.0,27790.0,18631.0,17857.0
2000.0,Costa Rica,CRI,44546.0,60681.0,156798.0,154148.0
2000.0,El Salvador,SLV,480184.0,468858.0,14909.0,16804.0
2000.0,Guatemala,GTM,297854.0,284942.0,21211.0,26908.0
2000.0,Honduras,HND,148387.0,193716.0,14581.0,13880.0
2000.0,Mexico,MEX,5172990.0,4389888.0,270896.0,267155.0
2000.0,Nicaragua,NIC,245092.0,256425.0,15423.0,14966.0
2000.0,Panama,PAN,68004.0,68925.0,42437.0,40973.0
2000.0,Argentina,ARG,268387.0,287155.0,717924.0,822295.0
2000.0,Bolivia (Plurinational State of),BOL,174719.0,169983.0,47665.0,44993.0
2000.0,Brazil,BRA,406768.0,533690.0,366156.0,318440.0
2000.0,Chile,CHL,246871.0,265126.0,84717.0,92615.0
2000.0,Colombia,COL,658250.0,775690.0,56223.0,53386.0
2000.0,Ecuador,ECU,217734.0,228646.0,77227.0,74296.0
2000.0,Falkland Islands (Malvinas),FLK,528.0,734.0,636.0,431.0
2000.0,French Guiana,GUF,1548.0,2092.0,38895.0,37754.0
2000.0,Guyana,GUY,171419.0,190738.0,4611.0,3999.0
2000.0,Paraguay,PRY,162710.0,211965.0,92052.0,84556.0
2000.0,Peru,PER,311609.0,382535.0,32839.0,33461.0
2000.0,Suriname,SUR,98738.0,112481.0,14938.0,12568.0
2000.0,Uruguay,URY,115418.0,120223.0,41095.0,47779.0
2000.0,Venezuela (Bolivarian Republic of),VEN,141216.0,176537.0,508682.0,505056.0
2000.0,Bermuda,BMU,6962.0,7117.0,8540.0,9144.0
2000.0,Canada,CAN,427501.0,715140.0,2659135.0,2852779.0
2000.0,Greenland,GRL,5412.0,7976.0,4616.0,1985.0
2000.0,Saint Pierre and Miquelon,SPM,260.0,224.0,756.0,702.0
2000.0,United States of America,USA,988316.0,991011.0,17310785.0,17503268.0
2000.0,Australia,AUS,175553.0,206283.0,2189900.0,2196350.0
2000.0,New Zealand,NZL,245574.0,244250.0,329927.0,348886.0
2000.0,Fiji,FJI,63308.0,68600.0,6601.0,6118.0
2000.0,New Caledonia,NCL,2274.0,2667.0,26932.0,22719.0
2000.0,Papua New Guinea,PNG,2279.0,2273.0,15874.0,10430.0
2000.0,Solomon Islands,SLB,1346.0,1382.0,2224.0,1757.0
2000.0,Vanuatu,VUT,3247.0,2995.0,1320.0,1306.0
2000.0,Guam,GUM,1387.0,1410.0,38280.0,35790.0
2000.0,Kiribati,KIR,1898.0,2093.0,1188.0,1095.0
2000.0,Marshall Islands,MHL,3489.0,3487.0,1164.0,727.0
2000.0,Micronesia (Fed. States of),FSM,8518.0,8396.0,1721.0,1395.0
2000.0,Nauru,NRU,769.0,824.0,1283.0,1111.0
2000.0,Northern Mariana Islands,MNP,1333.0,1432.0,17387.0,22735.0
2000.0,Palau,PLW,1856.0,2142.0,3905.0,2405.0
2000.0,American Samoa,ASM,1629.0,1557.0,12898.0,12014.0
2000.0,Cook Islands,COK,9491.0,9987.0,1552.0,1233.0
2000.0,French Polynesia,PYF,2125.0,2175.0,17604.0,12725.0
2000.0,Niue,NIU,2788.0,2961.0,268.0,230.0
2000.0,Samoa,WSM,46571.0,47970.0,3101.0,2897.0
2000.0,Tokelau,TKL,1017.0,1044.0,366.0,346.0
2000.0,Tonga,TON,22879.0,23565.0,1981.0,1703.0
2000.0,Tuvalu,TUV,1354.0,1257.0,121.0,97.0
2000.0,Wallis and Futuna Islands,WLF,3761.0,3640.0,1018.0,997.0
2005.0,Burundi,BY,386645.0,233271.0,94413.0,98361.0
2005.0,Comoros,COM,49839.0,46304.0,6286.0,6923.0
2005.0,Djibouti,DJI,6293.0,5694.0,51331.0,40779.0
2005.0,Eritrea,ERI,153062.0,146249.0,8603.0,7302.0
2005.0,Ethiopia,ETH,284011.0,240027.0,269834.0,244617.0
2005.0,Kenya,KEN,173569.0,188462.0,400364.0,372990.0
2005.0,Madagascar,MDG,64403.0,84402.0,14744.0,11314.0
2005.0,Malawi,MWI,129386.0,92637.0,105931.0,115730.0
2005.0,Mauritius,MUS,59779.0,70870.0,8943.0,10704.0
2005.0,Mayotte,MYT,3137.0,3331.0,31364.0,31812.0
2005.0,Mozambique,MOZ,410270.0,252681.0,130290.0,138404.0
2005.0,Réunion,REU,1068.0,1488.0,59196.0,55880.0
2005.0,Rwanda,RWA,142456.0,146644.0,213279.0,209908.0
2005.0,Seychelles,SYC,10171.0,13316.0,5820.0,3177.0
2005.0,Somalia,SOM,568870.0,492083.0,11098.0,9670.0
2005.0,South Sudan,SSD,124611.0,103926.0,0.0,0.0
2005.0,Uganda,UGS,291881.0,294721.0,292130.0,301178.0
2005.0,United Republic of Tanzania,TZA,118644.0,116274.0,486983.0,284170.0
2005.0,Zambia,ZMB,86976.0,94523.0,128628.0,124267.0
2005.0,Zimbabwe,ZWE,255925.0,244848.0,229254.0,172972.0
2005.0,Angola,AGO,353459.0,363307.0,30736.0,31595.0
2005.0,Cameroon,CMR,110699.0,110533.0,146129.0,119374.0
2005.0,Central African Republic,CAF,61515.0,69895.0,51299.0,45110.0
2005.0,Chad,TCD,113818.0,96843.0,159745.0,192385.0
2005.0,Congo,COG,86625.0,85985.0,173229.0,145495.0
2005.0,Democratic Republic of the Congo,COD,591870.0,539002.0,302359.0,320650.0
2005.0,Equatorial Guinea,GNQ,33811.0,37978.0,3564.0,3024.0
2005.0,Gabon,GAB,20471.0,20886.0,135107.0,98717.0
2005.0,Sao Tome and Principe,STP,13914.0,15945.0,1727.0,1706.0
2005.0,Algeria,DZA,835802.0,763845.0,108434.0,89294.0
2005.0,Egypt,EGY,1184398.0,623543.0,165211.0,119795.0
2005.0,Libya,LBY,53242.0,47006.0,445685.0,179727.0
2005.0,Morocco,MAR,1367790.0,1102866.0,28486.0,27736.0
2005.0,Sudan,SND,708617.0,569015.0,278084.0,268335.0
2005.0,Tunisia,TUN,329476.0,249533.0,18000.0,17040.0
2005.0,Western Sahara,ESH,72004.0,59284.0,2224.0,1667.0
2005.0,Botswana,BWA,19815.0,13466.0,49159.0,35502.0
2005.0,Eswatini,SWZ,24643.0,20218.0,17369.0,16023.0
2005.0,Lesotho,LSO,85462.0,73609.0,3402.0,2888.0
2005.0,Namibia,NAM,32195.0,33403.0,57625.0,49722.0
2005.0,South Africa,ZAF,294672.0,307131.0,782272.0,568759.0
2005.0,Benin,BEN,280680.0,223485.0,122368.0,125952.0
2005.0,Burkina Faso,BFA,757585.0,594707.0,285871.0,311787.0
2005.0,Cabo Verde,CPV,66615.0,75369.0,6523.0,6177.0
2005.0,Côte d'Ivoire,CIV,361279.0,370683.0,1254690.0,1010400.0
2005.0,Gambia,GMB,36960.0,24249.0,96196.0,85643.0
2005.0,Ghana,GHA,355105.0,310626.0,159527.0,150405.0
2005.0,Guinea,GIN,228829.0,175848.0,113528.0,119891.0
2005.0,Guinea-Bissau,GNB,45328.0,37518.0,10380.0,10522.0
2005.0,Liberia,LBR,174000.0,180792.0,51197.0,36020.0
2005.0,Mali,MLI,504937.0,390423.0,133344.0,125286.0
2005.0,Mauritania,MRT,63798.0,39309.0,32642.0,25569.0
2005.0,Niger,NER,183773.0,120313.0,59194.0,65315.0
2005.0,Nigeria,NGA,440569.0,376823.0,564612.0,405102.0
2005.0,Saint Helena,SHN,1319.0,1949.0,85.0,78.0
2005.0,Senegal,SEN,286672.0,183836.0,124854.0,113444.0
2005.0,Sierra Leone,SLE,76684.0,75202.0,76709.0,69518.0
2005.0,Togo,TGO,198960.0,206843.0,103233.0,100986.0
2005.0,Kazakhstan,KAZ,1736321.0,1981328.0,1472820.0,1630207.0
2005.0,Kyrgyzstan,KGZ,315925.0,336927.0,128064.0,181335.0
2005.0,Tajikistan,TJK,327743.0,258492.0,121403.0,159063.0
2005.0,Turkmenistan,TKM,112625.0,119314.0,101214.0,111839.0
2005.0,Uzbekistan,UZB,880157.0,850067.0,589690.0,740242.0
2005.0,China,CHN,3547044.0,3790167.0,379920.0,299027.0
2005.0,"China, Hong Kong SAR",HKG,377171.0,375305.0,1185121.0,1536114.0
2005.0,"China, Macao SAR",MAC,51712.0,56479.0,130387.0,148921.0
2005.0,"China, Taiwan Province of China",TWN,0.0,0.0,0.0,0.0
2005.0,Dem. People's Republic of Korea,PRK,44079.0,42684.0,19749.0,20348.0
2005.0,Japan,JPN,340784.0,377682.0,931198.0,1080357.0
2005.0,Mongolia,MNG,19757.0,22597.0,7577.0,3900.0
2005.0,Republic of Korea,KOR,970088.0,1004425.0,284305.0,201760.0
2005.0,Brunei Darussalam,BRN,26586.0,18728.0,55265.0,43176.0
2005.0,Cambodia,KHM,319678.0,354758.0,57545.0,56551.0
2005.0,Indonesia,IDN,1544224.0,1237063.0,165287.0,124023.0
2005.0,Lao People's Democratic Republic,LAO,421459.0,475543.0,10930.0,9441.0
2005.0,Malaysia,MYS,631301.0,748004.0,1133541.0,784963.0
2005.0,Myanmar,MMR,960444.0,776146.0,44506.0,38519.0
2005.0,Philippines,PHL,1609037.0,2075491.0,133023.0,124445.0
2005.0,Singapore,SGP,113294.0,122389.0,758762.0,951832.0
2005.0,Thailand,THA,230013.0,401665.0,1102248.0,1093362.0
2005.0,Timor-Leste,TLS,50254.0,44707.0,5578.0,5708.0
2005.0,Viet Nam,VNM,1230126.0,1146099.0,31106.0,20662.0
2005.0,Afghanistan,AFG,2282977.0,1833762.0,49281.0,38033.0
2005.0,Bangladesh,BGD,3263197.0,2229277.0,572146.0,490124.0
2005.0,Bhutan,BTN,61514.0,58805.0,32742.0,7537.0
2005.0,India,IND,5803858.0,3784675.0,2931489.0,3005251.0
2005.0,Iran (Islamic Republic of),IRN,493083.0,396419.0,1401736.0,1150470.0
2005.0,Maldives,MDV,1126.0,1086.0,27079.0,17966.0
2005.0,Nepal,NPL,676438.0,613191.0,235852.0,444877.0
2005.0,Pakistan,PAK,2304528.0,1473302.0,1710343.0,1464215.0
2005.0,Sri Lanka,LKA,636392.0,515161.0,21318.0,18208.0
2005.0,Armenia,ARM,487642.0,413006.0,191432.0,277757.0
2005.0,Azerbaijan,AZE,756699.0,698481.0,135143.0,166691.0
2005.0,Bahrain,BHR,27091.0,24744.0,288614.0,115404.0
2005.0,Cyprus,CYP,76384.0,77589.0,53532.0,69317.0
2005.0,Georgia,GEO,453879.0,431644.0,31215.0,40081.0
2005.0,Iraq,IRQ,746216.0,594383.0,81877.0,52986.0
2005.0,Israel,ISR,160875.0,156134.0,867805.0,1021698.0
2005.0,Jordan,JOR,277273.0,163515.0,1119171.0,1079569.0
2005.0,Kuwait,KWT,76100.0,52905.0,918718.0,414812.0
2005.0,Lebanon,LBN,352390.0,256466.0,382830.0,359413.0
2005.0,Oman,OMN,10002.0,8822.0,527845.0,138319.0
2005.0,Qatar,QAT,8915.0,8216.0,498428.0,147598.0
2005.0,Saudi Arabia,SAU,105465.0,73279.0,4469805.0,2032014.0
2005.0,State of Palestine,PSE,1666877.0,1591225.0,124608.0,149912.0
2005.0,Syrian Arab Republic,SYR,484324.0,329037.0,452524.0,429874.0
2005.0,Turkey,TUR,1374195.0,1203110.0,621694.0,702414.0
2005.0,United Arab Emirates,ARE,69562.0,56056.0,2388299.0,892816.0
2005.0,Yemen,YEM,412023.0,216846.0,98879.0,72992.0
2005.0,Belarus,BLR,683202.0,897958.0,506988.0,599994.0
2005.0,Bulgaria,BGR,426799.0,481022.0,26594.0,34480.0
2005.0,Czechia,CZE,336590.0,415468.0,181719.0,140821.0
2005.0,Hungary,HUN,228737.0,237793.0,174216.0,192571.0
2005.0,Poland,POL,1308371.0,1576286.0,297039.0,425470.0
2005.0,Republic of Moldova,MDA,342253.0,373243.0,67924.0,103198.0
2005.0,Romania,ROU,986924.0,1118982.0,70153.0,75009.0
2005.0,Russian Federation,RUS,4425027.0,5877921.0,5806597.0,5860991.0
2005.0,Slovakia,SVK,128519.0,143309.0,58716.0,71775.0
2005.0,Ukraine,UKR,2557255.0,3009127.0,2168060.0,2882242.0
2005.0,Channel Islands,CHA,7167.0,7648.0,33611.0,37330.0
2005.0,Denmark,DNK,106327.0,118135.0,213097.0,227286.0
2005.0,Estonia,EST,67824.0,82277.0,94244.0,139457.0
2005.0,Faroe Islands,FRO,5200.0,7284.0,2450.0,2133.0
2005.0,Finland,FIN,121279.0,179283.0,96429.0,95740.0
2005.0,Iceland,ISL,14160.0,14509.0,12413.0,13079.0
2005.0,Ireland,IRL,342406.0,427536.0,309910.0,279136.0
2005.0,Isle of Man,IMN,4167.0,4317.0,20214.0,21261.0
2005.0,Latvia,LVA,121873.0,149109.0,154745.0,221980.0
2005.0,Lithuania,LTU,179732.0,232639.0,94189.0,107020.0
2005.0,Norway,NOR,77328.0,96735.0,176444.0,184700.0
2005.0,Sweden,SWE,118935.0,149018.0,538490.0,587300.0
2005.0,United Kingdom,GBR,2088219.0,2056987.0,2818177.0,3107979.0
2005.0,Albania,ALB,517369.0,448663.0,32993.0,31746.0
2005.0,Andorra,AND,2741.0,2986.0,26466.0,23832.0
2005.0,Bosnia and Herzegovina,BIH,726700.0,774336.0,22481.0,24806.0
2005.0,Croatia,HRV,399202.0,439882.0,271645.0,307628.0
2005.0,Gibraltar,GIB,4743.0,4900.0,4518.0,4693.0
2005.0,Greece,GRC,450195.0,417424.0,587677.0,603030.0
2005.0,Holy See,VAT,54.0,56.0,381.0,417.0
2005.0,Italy,ITA,1413246.0,1285240.0,1820290.0,2134500.0
2005.0,Malta,MLT,49819.0,50426.0,11899.0,12661.0
2005.0,Montenegro,MNE,70332.0,77681.0,0.0,0.0
2005.0,North Macedonia,MNP,229907.0,228915.0,53220.0,74447.0
2005.0,Portugal,PRT,899359.0,843650.0,376774.0,394410.0
2005.0,San Marino,SMR,1298.0,1609.0,2302.0,1916.0
2005.0,Serbia,SRB,491207.0,469414.0,383088.0,471760.0
2005.0,Slovenia,SVN,52802.0,66597.0,116741.0,100477.0
2005.0,Spain,ESP,510383.0,604082.0,2140680.0,1966546.0
2005.0,Austria,AUT,227488.0,265861.0,538924.0,588240.0
2005.0,Belgium,BEL,202650.0,235051.0,620924.0,627809.0
2005.0,France,FRA,833193.0,892023.0,3300859.0,3436741.0
2005.0,Germany,DEU,1629631.0,1813302.0,4676178.0,4726269.0
2005.0,Liechtenstein,LIE,1307.0,1628.0,9434.0,9464.0
2005.0,Luxembourg,LUX,26314.0,26492.0,74951.0,75667.0
2005.0,Monaco,MCO,9580.0,9523.0,10322.0,10990.0
2005.0,Netherlands,NLD,397891.0,392663.0,843444.0,892683.0
2005.0,Switzerland,CHE,235487.0,266802.0,922387.0,883050.0
2005.0,Anguilla,AIA,1220.0,1205.0,2210.0,2474.0
2005.0,Antigua and Barbuda,ATG,16580.0,19818.0,11052.0,13689.0
2005.0,Aruba,ABW,4230.0,5252.0,14559.0,17981.0
2005.0,Bahamas,BHS,15043.0,19672.0,23613.0,21918.0
2005.0,Barbados,BRB,43951.0,49024.0,13575.0,17049.0
2005.0,"Bonaire, Sint Eustatius and Saba",BES,378.0,375.0,0.0,0.0
2005.0,British Virgin Islands,VGB,1776.0,2232.0,7401.0,7615.0
2005.0,Cayman Islands,CYM,590.0,700.0,10515.0,10164.0
2005.0,Cuba,CUB,553465.0,606844.0,5152.0,6541.0
2005.0,Curaçao,CUW,2327.0,2291.0,0.0,0.0
2005.0,Dominica,DMA,28772.0,35265.0,2491.0,2253.0
2005.0,Dominican Republic,DOM,430576.0,583494.0,227826.0,147591.0
2005.0,Grenada,GRD,28858.0,35788.0,3424.0,3478.0
2005.0,Guadeloupe,GLP,3662.0,5249.0,41273.0,47792.0
2005.0,Haiti,HTI,515654.0,452240.0,9093.0,7267.0
2005.0,Jamaica,JAM,402827.0,502343.0,12248.0,12036.0
2005.0,Martinique,MTQ,6637.0,7703.0,25891.0,31143.0
2005.0,Montserrat,MSR,7090.0,8720.0,639.0,605.0
2005.0,Puerto Rico,PRI,710802.0,929213.0,166780.0,185364.0
2005.0,Saint Barthélemy,BLM,0.0,0.0,0.0,0.0
2005.0,Saint Kitts and Nevis,KNA,15279.0,18038.0,3501.0,3181.0
2005.0,Saint Lucia,LCA,20493.0,26404.0,4841.0,4998.0
2005.0,Saint Martin (French part),MAF,0.0,0.0,0.0,0.0
2005.0,Saint Vincent and the Grenadines,VCT,26629.0,28982.0,2198.0,2238.0
2005.0,Sint Maarten (Dutch part),SXM,623.0,623.0,6285.0,6814.0
2005.0,Trinidad and Tobago,TTO,139303.0,183603.0,20647.0,24165.0
2005.0,Turks and Caicos Islands,TCA,525.0,665.0,6787.0,6328.0
2005.0,United States Virgin Islands,VIR,2075.0,1563.0,26726.0,29921.0
2005.0,Belize,BLZ,22256.0,29627.0,21052.0,20386.0
2005.0,Costa Rica,CRI,50583.0,67035.0,176445.0,181953.0
2005.0,El Salvador,SLV,568376.0,550417.0,17034.0,18995.0
2005.0,Guatemala,GTM,375251.0,361464.0,26048.0,31166.0
2005.0,Honduras,HND,195742.0,253140.0,14476.0,13458.0
2005.0,Mexico,MEX,5877135.0,4940675.0,359724.0,352924.0
2005.0,Nicaragua,NIC,269682.0,285850.0,17774.0,17145.0
2005.0,Panama,PAN,65318.0,66099.0,55632.0,53829.0
2005.0,Argentina,ARG,397540.0,407751.0,775308.0,898855.0
2005.0,Bolivia (Plurinational State of),BOL,265889.0,277877.0,56019.0,51726.0
2005.0,Brazil,BRA,511722.0,682853.0,343019.0,295563.0
2005.0,Chile,CHL,260036.0,281709.0,131414.0,144946.0
2005.0,Colombia,COL,859318.0,1024586.0,54938.0,51585.0
2005.0,Ecuador,ECU,478800.0,507799.0,97472.0,92421.0
2005.0,Falkland Islands (Malvinas),FLK,467.0,628.0,675.0,491.0
2005.0,French Guiana,GUF,1612.0,2188.0,42729.0,43739.0
2005.0,Guyana,GUY,185054.0,207501.0,5817.0,5051.0
2005.0,Paraguay,PRY,238432.0,307266.0,87698.0,80545.0
2005.0,Peru,PER,437143.0,531859.0,38959.0,38918.0
2005.0,Suriname,SUR,115287.0,133495.0,18338.0,15324.0
2005.0,Uruguay,URY,146441.0,152545.0,37658.0,44659.0
2005.0,Venezuela (Bolivarian Republic of),VEN,193918.0,243169.0,538197.0,538277.0
2005.0,Bermuda,BMU,7391.0,7516.0,8783.0,9325.0
2005.0,Canada,CAN,452582.0,732574.0,2915838.0,3163147.0
2005.0,Greenland,GRL,6038.0,8580.0,4461.0,2095.0
2005.0,Saint Pierre and Miquelon,SPM,219.0,207.0,597.0,550.0
2005.0,United States of America,USA,1155376.0,1141623.0,19614878.0,19643415.0
2005.0,Australia,AUS,201054.0,227715.0,2419190.0,2458840.0
2005.0,New Zealand,NZL,280872.0,274639.0,407690.0,432262.0
2005.0,Fiji,FJI,75347.0,81698.0,6563.0,5871.0
2005.0,New Caledonia,NCL,2486.0,2733.0,29909.0,25496.0
2005.0,Papua New Guinea,PNG,2224.0,2269.0,17851.0,12120.0
2005.0,Solomon Islands,SLB,1456.0,1543.0,1830.0,1441.0
2005.0,Vanuatu,VUT,3756.0,3508.0,1398.0,1402.0
2005.0,Guam,GUM,1228.0,1307.0,38602.0,36141.0
2005.0,Kiribati,KIR,1940.0,2081.0,1312.0,1175.0
2005.0,Marshall Islands,MHL,3337.0,3317.0,1485.0,932.0
2005.0,Micronesia (Fed. States of),FSM,9227.0,9119.0,1565.0,1340.0
2005.0,Nauru,NRU,933.0,936.0,1208.0,1045.0
2005.0,Northern Mariana Islands,MNP,1346.0,1379.0,15977.0,21565.0
2005.0,Palau,PLW,1823.0,1959.0,3620.0,2423.0
2005.0,American Samoa,ASM,1327.0,1261.0,12498.0,11735.0
2005.0,Cook Islands,COK,9550.0,10030.0,1724.0,1553.0
2005.0,French Polynesia,PYF,1370.0,1347.0,18405.0,13881.0
2005.0,Niue,NIU,2588.0,2703.0,282.0,240.0
2005.0,Samoa,WSM,48839.0,50391.0,2940.0,2806.0
2005.0,Tokelau,TKL,1037.0,1053.0,500.0,503.0
2005.0,Tonga,TON,23897.0,24440.0,2324.0,1977.0
2005.0,Tuvalu,TUV,1482.0,1435.0,115.0,94.0
2005.0,Wallis and Futuna Islands,WLF,3699.0,3737.0,1107.0,1084.0
2010.0,Burundi,BY,143736.0,140342.0,121762.0,125559.0
2010.0,Comoros,COM,54190.0,54935.0,6060.0,6558.0
2010.0,Djibouti,DJI,7178.0,6619.0,53669.0,48638.0
2010.0,Eritrea,ERI,172456.0,155910.0,8679.0,7134.0
2010.0,Ethiopia,ETH,369043.0,311247.0,298069.0,270679.0
2010.0,Kenya,KEN,213979.0,228653.0,473093.0,481832.0
2010.0,Madagascar,MDG,64593.0,96226.0,16410.0,12495.0
2010.0,Malawi,MWI,151191.0,109340.0,103869.0,113853.0
2010.0,Mauritius,MUS,67567.0,80619.0,13188.0,11648.0
2010.0,Mayotte,MYT,3113.0,3229.0,34500.0,38257.0
2010.0,Mozambique,MOZ,512836.0,284972.0,148105.0,158366.0
2010.0,Réunion,REU,1083.0,1666.0,62707.0,60322.0
2010.0,Rwanda,RWA,161713.0,172531.0,214048.0,212853.0
2010.0,Seychelles,SYC,11169.0,14763.0,7804.0,3616.0
2010.0,Somalia,SOM,839805.0,755523.0,25213.0,22893.0
2010.0,South Sudan,SSD,209902.0,192714.0,119106.0,111626.0
2010.0,Uganda,UGS,349440.0,382328.0,241903.0,251027.0
2010.0,United Republic of Tanzania,TZA,131509.0,130663.0,154591.0,155256.0
2010.0,Zambia,ZMB,86152.0,96614.0,75941.0,74021.0
2010.0,Zimbabwe,ZWE,382157.0,372486.0,227201.0,171106.0
2010.0,Angola,AGO,322362.0,329021.0,162332.0,174035.0
2010.0,Cameroon,CMR,136330.0,142568.0,161485.0,129989.0
2010.0,Central African Republic,CAF,120235.0,125698.0,50411.0,44274.0
2010.0,Chad,TCD,112308.0,90115.0,186821.0,230213.0
2010.0,Congo,COG,91205.0,86906.0,231105.0,194068.0
2010.0,Democratic Republic of the Congo,COD,640699.0,657845.0,284693.0,305189.0
2010.0,Equatorial Guinea,GNQ,40109.0,44281.0,4734.0,3924.0
2010.0,Gabon,GAB,18065.0,18868.0,158680.0,112149.0
2010.0,Sao Tome and Principe,STP,14309.0,16619.0,1352.0,1348.0
2010.0,Algeria,DZA,913853.0,741411.0,114894.0,102374.0
2010.0,Egypt,EGY,1747685.0,838958.0,174104.0,135913.0
2010.0,Libya,LBY,67086.0,60313.0,491303.0,195889.0
2010.0,Morocco,MAR,1580278.0,1280424.0,35881.0,35308.0
2010.0,Sudan,SND,707467.0,527726.0,314552.0,304157.0
2010.0,Tunisia,TUN,361434.0,254298.0,22236.0,20936.0
2010.0,Western Sahara,ESH,89932.0,80263.0,2612.0,1881.0
2010.0,Botswana,BWA,26110.0,18139.0,54019.0,40844.0
2010.0,Eswatini,SWZ,37802.0,31228.0,16790.0,15847.0
2010.0,Lesotho,LSO,129955.0,113173.0,3469.0,2945.0
2010.0,Namibia,NAM,48854.0,50745.0,55803.0,48023.0
2010.0,South Africa,ZAF,367512.0,376295.0,1221739.0,893062.0
2010.0,Benin,BEN,298194.0,242958.0,143632.0,165593.0
2010.0,Burkina Faso,BFA,801969.0,632559.0,320939.0,353499.0
2010.0,Cabo Verde,CPV,70174.0,82689.0,7293.0,7080.0
2010.0,Côte d'Ivoire,CIV,463697.0,476098.0,1310459.0,1056078.0
2010.0,Gambia,GMB,47865.0,29575.0,98123.0,87714.0
2010.0,Ghana,GHA,404723.0,357279.0,180030.0,157736.0
2010.0,Guinea,GIN,256473.0,199393.0,93267.0,85495.0
2010.0,Guinea-Bissau,GNB,49210.0,42336.0,10463.0,10928.0
2010.0,Liberia,LBR,109053.0,110086.0,56902.0,42263.0
2010.0,Mali,MLI,563350.0,431482.0,173088.0,167990.0
2010.0,Mauritania,MRT,71784.0,42408.0,48746.0,36174.0
2010.0,Niger,NER,201800.0,134097.0,60042.0,66440.0
2010.0,Nigeria,NGA,535088.0,461826.0,576648.0,413846.0
2010.0,Saint Helena,SHN,1510.0,2097.0,136.0,112.0
2010.0,Senegal,SEN,344435.0,203060.0,135879.0,120213.0
2010.0,Sierra Leone,SLE,62967.0,63763.0,43622.0,35643.0
2010.0,Togo,TGO,210161.0,207017.0,129424.0,126140.0
2010.0,Kazakhstan,KAZ,1778295.0,2019232.0,1625155.0,1709782.0
2010.0,Kyrgyzstan,KGZ,352824.0,373720.0,94596.0,137469.0
2010.0,Tajikistan,TJK,336574.0,248073.0,121780.0,158028.0
2010.0,Turkmenistan,TKM,112615.0,122020.0,90634.0,107345.0
2010.0,Uzbekistan,UZB,977759.0,911183.0,558379.0,661770.0
2010.0,China,CHN,4094711.0,4619937.0,505758.0,344103.0
2010.0,"China, Hong Kong SAR",HKG,439136.0,422934.0,1147539.0,1632411.0
2010.0,"China, Macao SAR",MAC,56893.0,66706.0,146407.0,172099.0
2010.0,"China, Taiwan Province of China",TWN,0.0,0.0,0.0,0.0
2010.0,Dem. People's Republic of Korea,PRK,50274.0,46185.0,21766.0,22244.0
2010.0,Japan,JPN,352600.0,404192.0,972481.0,1161670.0
2010.0,Mongolia,MNG,27393.0,30012.0,11880.0,4182.0
2010.0,Republic of Korea,KOR,1098046.0,1154275.0,515503.0,404484.0
2010.0,Brunei Darussalam,BRN,26048.0,18493.0,56723.0,43864.0
2010.0,Cambodia,KHM,450385.0,502674.0,43412.0,38616.0
2010.0,Indonesia,IDN,1903542.0,1512421.0,176522.0,130965.0
2010.0,Lao People's Democratic Republic,LAO,553800.0,645062.0,20133.0,12822.0
2010.0,Malaysia,MYS,739362.0,859699.0,1469977.0,947418.0
2010.0,Myanmar,MMR,1392913.0,1099361.0,41574.0,34840.0
2010.0,Philippines,PHL,2149714.0,2542981.0,107933.0,100666.0
2010.0,Singapore,SGP,136184.0,146237.0,956856.0,1207938.0
2010.0,Thailand,THA,282453.0,486804.0,1629881.0,1604500.0
2010.0,Timor-Leste,TLS,19023.0,16014.0,5837.0,5703.0
2010.0,Viet Nam,VNM,1358487.0,1272255.0,35971.0,25785.0
2010.0,Afghanistan,AFG,2867554.0,2401964.0,57726.0,44550.0
2010.0,Bangladesh,BGD,4104883.0,2214988.0,710548.0,634998.0
2010.0,Bhutan,BTN,46979.0,44955.0,39283.0,9137.0
2010.0,India,IND,8500709.0,4721254.0,2699495.0,2874523.0
2010.0,Iran (Islamic Republic of),IRN,530244.0,455447.0,1490419.0,1231978.0
2010.0,Maldives,MDV,1712.0,1831.0,41712.0,12947.0
2010.0,Nepal,NPL,873613.0,839084.0,191167.0,390722.0
2010.0,Pakistan,PAK,3136466.0,1654118.0,2075512.0,1868169.0
2010.0,Sri Lanka,LKA,823940.0,630352.0,20694.0,18265.0
2010.0,Armenia,ARM,493848.0,423195.0,85669.0,125478.0
2010.0,Azerbaijan,AZE,618392.0,542471.0,129512.0,147389.0
2010.0,Bahrain,BHR,27727.0,24508.0,481344.0,185062.0
2010.0,Cyprus,CYP,81809.0,81662.0,82477.0,105995.0
2010.0,Georgia,GEO,405507.0,400032.0,31993.0,41085.0
2010.0,Iraq,IRQ,1365619.0,1189310.0,74535.0,45931.0
2010.0,Israel,ISR,171967.0,162001.0,892887.0,1063303.0
2010.0,Jordan,JOR,385170.0,216929.0,1416784.0,1370069.0
2010.0,Kuwait,KWT,108844.0,68972.0,1312111.0,562701.0
2010.0,Lebanon,LBN,414002.0,285702.0,413057.0,380134.0
2010.0,Oman,OMN,11165.0,9587.0,658753.0,157481.0
2010.0,Qatar,QAT,10713.0,9961.0,1206571.0,249842.0
2010.0,Saudi Arabia,SAU,125982.0,89356.0,5933281.0,2496675.0
2010.0,State of Palestine,PSE,1805760.0,1734148.0,124660.0,149180.0
2010.0,Syrian Arab Republic,SYR,647361.0,409961.0,910982.0,872613.0
2010.0,Turkey,TUR,1432749.0,1276181.0,629868.0,743881.0
2010.0,United Arab Emirates,ARE,83884.0,71725.0,5463446.0,1853251.0
2010.0,Yemen,YEM,591229.0,285154.0,156123.0,132271.0
2010.0,Belarus,BLR,622606.0,842096.0,499384.0,590994.0
2010.0,Bulgaria,BGR,512180.0,594303.0,33841.0,42446.0
2010.0,Czechia,CZE,335913.0,443525.0,236160.0,162333.0
2010.0,Hungary,HUN,247593.0,263606.0,210212.0,226404.0
2010.0,Poland,POL,1733144.0,1983194.0,262263.0,380154.0
2010.0,Republic of Moldova,MDA,383845.0,443564.0,52198.0,77290.0
2010.0,Romania,ROU,1580768.0,1782593.0,87667.0,89544.0
2010.0,Russian Federation,RUS,4372877.0,5745803.0,5514401.0,5680309.0
2010.0,Slovakia,SVK,119280.0,141376.0,66938.0,79381.0
2010.0,Ukraine,UKR,2438200.0,2991676.0,2072474.0,2746293.0
2010.0,Channel Islands,CHA,7744.0,7955.0,36982.0,40599.0
2010.0,Denmark,DNK,111478.0,122053.0,242029.0,258743.0
2010.0,Estonia,EST,68652.0,84981.0,87644.0,130246.0
2010.0,Faroe Islands,FRO,5189.0,7175.0,2700.0,2396.0
2010.0,Finland,FIN,115561.0,176322.0,115105.0,113376.0
2010.0,Iceland,ISL,16160.0,16294.0,17619.0,17472.0
2010.0,Ireland,IRL,328010.0,401456.0,360440.0,370102.0
2010.0,Isle of Man,IMN,4534.0,4499.0,21361.0,22086.0
2010.0,Latvia,LVA,122669.0,155499.0,124675.0,189111.0
2010.0,Lithuania,LTU,225126.0,292620.0,69606.0,91166.0
2010.0,Norway,NOR,80335.0,99636.0,267235.0,257366.0
2010.0,Sweden,SWE,129495.0,162409.0,648004.0,689210.0
2010.0,United Kingdom,GBR,2228374.0,2204554.0,3454456.0,3665208.0
2010.0,Albania,ALB,580912.0,537028.0,26901.0,25883.0
2010.0,Andorra,AND,3848.0,4061.0,27287.0,24766.0
2010.0,Bosnia and Herzegovina,BIH,760012.0,812913.0,18581.0,20364.0
2010.0,Croatia,HRV,383471.0,436936.0,268466.0,304782.0
2010.0,Gibraltar,GIB,5130.0,5067.0,5171.0,5198.0
2010.0,Greece,GRC,408319.0,381138.0,640731.0,680418.0
2010.0,Holy See,VAT,76.0,99.0,375.0,408.0
2010.0,Italy,ITA,1330202.0,1229031.0,2663889.0,3124004.0
2010.0,Malta,MLT,49396.0,49898.0,17118.0,15890.0
2010.0,Montenegro,MNE,67741.0,81013.0,31639.0,46873.0
2010.0,North Macedonia,MNP,259242.0,266909.0,54067.0,75634.0
2010.0,Portugal,PRT,987376.0,940021.0,371536.0,391289.0
2010.0,San Marino,SMR,864.0,1402.0,2761.0,2119.0
2010.0,Serbia,SRB,463834.0,472167.0,364757.0,461518.0
2010.0,Slovenia,SVN,54436.0,68512.0,145138.0,108648.0
2010.0,Spain,ESP,489857.0,597214.0,3238234.0,3041828.0
2010.0,Austria,AUT,231771.0,285630.0,607191.0,667710.0
2010.0,Belgium,BEL,218052.0,265980.0,726881.0,776925.0
2010.0,France,FRA,943288.0,1013530.0,3554527.0,3755459.0
2010.0,Germany,DEU,1719667.0,1976971.0,4848689.0,4963574.0
2010.0,Liechtenstein,LIE,1566.0,2024.0,10867.0,11475.0
2010.0,Luxembourg,LUX,28889.0,33159.0,81420.0,81722.0
2010.0,Monaco,MCO,13094.0,13860.0,10325.0,10807.0
2010.0,Netherlands,NLD,427577.0,426811.0,881264.0,951246.0
2010.0,Switzerland,CHE,290100.0,334285.0,1005381.0,1069801.0
2010.0,Anguilla,AIA,1159.0,1114.0,2415.0,2688.0
2010.0,Antigua and Barbuda,ATG,18668.0,22679.0,11788.0,14624.0
2010.0,Aruba,ABW,5880.0,7644.0,15312.0,19016.0
2010.0,Bahamas,BHS,15388.0,20602.0,27883.0,26862.0
2010.0,Barbados,BRB,45018.0,51175.0,14746.0,18079.0
2010.0,"Bonaire, Sint Eustatius and Saba",BES,3150.0,3915.0,0.0,0.0
2010.0,British Virgin Islands,VGB,2173.0,2748.0,8295.0,8781.0
2010.0,Cayman Islands,CYM,658.0,746.0,12310.0,11752.0
2010.0,Cuba,CUB,618056.0,696683.0,3232.0,4141.0
2010.0,Curaçao,CUW,20929.0,24319.0,14196.0,20434.0
2010.0,Dominica,DMA,31285.0,42298.0,4200.0,3910.0
2010.0,Dominican Republic,DOM,496745.0,687672.0,239808.0,155671.0
2010.0,Grenada,GRD,27905.0,36025.0,3463.0,3517.0
2010.0,Guadeloupe,GLP,4393.0,6386.0,42768.0,52174.0
2010.0,Haiti,HTI,587744.0,535446.0,9552.0,7630.0
2010.0,Jamaica,JAM,427047.0,562743.0,12024.0,11653.0
2010.0,Martinique,MTQ,6756.0,7881.0,26330.0,33245.0
2010.0,Montserrat,MSR,7844.0,9534.0,664.0,627.0
2010.0,Puerto Rico,PRI,737672.0,994146.0,142939.0,162030.0
2010.0,Saint Barthélemy,BLM,0.0,0.0,0.0,0.0
2010.0,Saint Kitts and Nevis,KNA,16120.0,19675.0,3806.0,3439.0
2010.0,Saint Lucia,LCA,21372.0,28946.0,4377.0,4673.0
2010.0,Saint Martin (French part),MAF,0.0,0.0,0.0,0.0
2010.0,Saint Vincent and the Grenadines,VCT,25950.0,29485.0,2302.0,2267.0
2010.0,Sint Maarten (Dutch part),SXM,1563.0,1740.0,12570.0,13633.0
2010.0,Trinidad and Tobago,TTO,148434.0,202083.0,23152.0,25074.0
2010.0,Turks and Caicos Islands,TCA,949.0,1248.0,8907.0,8309.0
2010.0,United States Virgin Islands,VIR,2076.0,1635.0,26722.0,29962.0
2010.0,Belize,BLZ,24357.0,33014.0,23475.0,22915.0
2010.0,Costa Rica,CRI,56633.0,75684.0,196055.0,209724.0
2010.0,El Salvador,SLV,670201.0,666884.0,19157.0,21185.0
2010.0,Guatemala,GTM,463621.0,461277.0,30919.0,35467.0
2010.0,Honduras,HND,249972.0,337531.0,14306.0,12982.0
2010.0,Mexico,MEX,6668397.0,5746825.0,490779.0,478931.0
2010.0,Nicaragua,NIC,287563.0,322648.0,19135.0,18210.0
2010.0,Panama,PAN,68754.0,71090.0,81203.0,76585.0
2010.0,Argentina,ARG,463178.0,475461.0,831696.0,974261.0
2010.0,Bolivia (Plurinational State of),BOL,368682.0,411279.0,64380.0,58466.0
2010.0,Brazil,BRA,632242.0,863162.0,319921.0,272719.0
2010.0,Chile,CHL,271267.0,300575.0,178111.0,197277.0
2010.0,Colombia,COL,1177853.0,1376167.0,68391.0,61918.0
2010.0,Ecuador,ECU,556323.0,596574.0,193497.0,181756.0
2010.0,Falkland Islands (Malvinas),FLK,515.0,659.0,807.0,629.0
2010.0,French Guiana,GUF,1666.0,2274.0,46564.0,49724.0
2010.0,Guyana,GUY,204145.0,235088.0,4530.0,3652.0
2010.0,Paraguay,PRY,329005.0,436806.0,83394.0,76905.0
2010.0,Peru,PER,563929.0,735166.0,56097.0,48609.0
2010.0,Suriname,SUR,116117.0,142598.0,21658.0,18055.0
2010.0,Uruguay,URY,161309.0,177129.0,34535.0,41768.0
2010.0,Venezuela (Bolivarian Republic of),VEN,246955.0,313573.0,676261.0,671086.0
2010.0,Bermuda,BMU,7588.0,7725.0,9035.0,9512.0
2010.0,Canada,CAN,482978.0,785079.0,3236539.0,3524687.0
2010.0,Greenland,GRL,6484.0,8907.0,4119.0,1972.0
2010.0,Saint Pierre and Miquelon,SPM,189.0,201.0,531.0,486.0
2010.0,United States of America,USA,1331560.0,1339092.0,21694169.0,22489474.0
2010.0,Australia,AUS,236444.0,250505.0,2922030.0,2960950.0
2010.0,New Zealand,NZL,337495.0,324821.0,459047.0,488396.0
2010.0,Fiji,FJI,87439.0,96168.0,7143.0,6214.0
2010.0,New Caledonia,NCL,2664.0,2713.0,32886.0,28272.0
2010.0,Papua New Guinea,PNG,2090.0,2141.0,18466.0,11959.0
2010.0,Solomon Islands,SLB,1645.0,1726.0,1546.0,1214.0
2010.0,Vanuatu,VUT,3895.0,3797.0,1487.0,1504.0
2010.0,Guam,GUM,1002.0,1207.0,38924.0,36492.0
2010.0,Kiribati,KIR,1739.0,1826.0,1512.0,1356.0
2010.0,Marshall Islands,MHL,3214.0,3278.0,1895.0,1194.0
2010.0,Micronesia (Fed. States of),FSM,9711.0,9693.0,1503.0,1303.0
2010.0,Nauru,NRU,1094.0,1036.0,486.0,420.0
2010.0,Northern Mariana Islands,MNP,1329.0,1282.0,10223.0,13945.0
2010.0,Palau,PLW,1359.0,1260.0,3211.0,2279.0
2010.0,American Samoa,ASM,1097.0,1060.0,12098.0,11457.0
2010.0,Cook Islands,COK,10065.0,10491.0,1895.0,1874.0
2010.0,French Polynesia,PYF,833.0,717.0,18037.0,13603.0
2010.0,Niue,NIU,2609.0,2738.0,319.0,270.0
2010.0,Samoa,WSM,51453.0,53367.0,2594.0,2528.0
2010.0,Tokelau,TKL,1090.0,1078.0,543.0,585.0
2010.0,Tonga,TON,25430.0,26091.0,2503.0,2104.0
2010.0,Tuvalu,TUV,1475.0,1536.0,121.0,99.0
2010.0,Wallis and Futuna Islands,WLF,3633.0,3832.0,1066.0,1045.0
2015.0,Burundi,BY,227726.0,232253.0,146970.0,151329.0
2015.0,Comoros,COM,59176.0,62573.0,6071.0,6484.0
2015.0,Djibouti,DJI,8659.0,8310.0,59081.0,53270.0
2015.0,Eritrea,ERI,326403.0,298354.0,8833.0,7108.0
2015.0,Ethiopia,ETH,451972.0,390524.0,591409.0,570233.0
2015.0,Kenya,KEN,227217.0,253430.0,562909.0,563977.0
2015.0,Madagascar,MDG,68219.0,107649.0,18270.0,13805.0
2015.0,Malawi,MWI,172322.0,125149.0,93689.0,103639.0
2015.0,Mauritius,MUS,74559.0,91310.0,15832.0,12753.0
2015.0,Mayotte,MYT,3199.0,3346.0,37657.0,43729.0
2015.0,Mozambique,MOZ,348100.0,248849.0,155510.0,166284.0
2015.0,Réunion,REU,1087.0,1820.0,64537.0,62672.0
2015.0,Rwanda,RWA,247155.0,256512.0,256327.0,258320.0
2015.0,Seychelles,SYC,11783.0,15700.0,8954.0,3837.0
2015.0,Somalia,SOM,1040985.0,967505.0,21584.0,19406.0
2015.0,South Sudan,SSD,543822.0,516856.0,430944.0,413168.0
2015.0,Uganda,UGS,375951.0,410278.0,415845.0,435330.0
2015.0,United Republic of Tanzania,TZA,145322.0,148780.0,190617.0,193950.0
2015.0,Zambia,ZMB,86165.0,98206.0,66651.0,65456.0
2015.0,Zimbabwe,ZWE,602124.0,564940.0,225653.0,174829.0
2015.0,Angola,AGO,305926.0,312362.0,304635.0,327543.0
2015.0,Cameroon,CMR,171870.0,177104.0,251311.0,257035.0
2015.0,Central African Republic,CAF,348076.0,338148.0,43147.0,38421.0
2015.0,Chad,TCD,104493.0,86776.0,215640.0,251328.0
2015.0,Congo,COG,102286.0,102543.0,213764.0,176378.0
2015.0,Democratic Republic of the Congo,COD,778269.0,793953.0,393966.0,416052.0
2015.0,Equatorial Guinea,GNQ,62959.0,53988.0,161527.0,48084.0
2015.0,Gabon,GAB,20636.0,22439.0,243782.0,134904.0
2015.0,Sao Tome and Principe,STP,16246.0,18916.0,1197.0,1197.0
2015.0,Algeria,DZA,985595.0,850907.0,126522.0,112951.0
2015.0,Egypt,EGY,2041623.0,1109446.0,207433.0,146208.0
2015.0,Libya,LBY,81637.0,70907.0,549153.0,221993.0
2015.0,Morocco,MAR,1575252.0,1396518.0,46387.0,46037.0
2015.0,Sudan,SND,1013988.0,828614.0,311885.0,308638.0
2015.0,Tunisia,TUN,434592.0,339784.0,29253.0,27279.0
2015.0,Western Sahara,ESH,98132.0,87753.0,3059.0,2120.0
2015.0,Botswana,BWA,32477.0,22817.0,58651.0,44402.0
2015.0,Eswatini,SWZ,22566.0,23670.0,16627.0,15725.0
2015.0,Lesotho,LSO,86078.0,105379.0,5037.0,4115.0
2015.0,Namibia,NAM,25042.0,25368.0,54739.0,46879.0
2015.0,South Africa,ZAF,379443.0,407111.0,1770914.0,1460814.0
2015.0,Benin,BEN,341137.0,293786.0,172056.0,194228.0
2015.0,Burkina Faso,BFA,848841.0,669727.0,335328.0,369348.0
2015.0,Cabo Verde,CPV,76690.0,94739.0,7547.0,7377.0
2015.0,Côte d'Ivoire,CIV,520911.0,535469.0,1368110.0,1102503.0
2015.0,Gambia,GMB,60472.0,36491.0,101501.0,91039.0
2015.0,Ghana,GHA,466166.0,426087.0,221026.0,193718.0
2015.0,Guinea,GIN,273042.0,220369.0,74193.0,52464.0
2015.0,Guinea-Bissau,GNB,51546.0,46605.0,10826.0,11507.0
2015.0,Liberia,LBR,102946.0,102795.0,64079.0,48032.0
2015.0,Mali,MLI,696316.0,532228.0,213218.0,207286.0
2015.0,Mauritania,MRT,71355.0,43275.0,94070.0,72482.0
2015.0,Niger,NER,221615.0,153378.0,119915.0,133083.0
2015.0,Nigeria,NGA,682707.0,623819.0,657887.0,541228.0
2015.0,Saint Helena,SHN,1731.0,2554.0,251.0,126.0
2015.0,Senegal,SEN,368123.0,226384.0,141402.0,125094.0
2015.0,Sierra Leone,SLE,69275.0,70021.0,33077.0,25753.0
2015.0,Togo,TGO,247162.0,248218.0,139540.0,137844.0
2015.0,Kazakhstan,KAZ,1810038.0,2075538.0,1757828.0,1788232.0
2015.0,Kyrgyzstan,KGZ,358754.0,384087.0,82616.0,121766.0
2015.0,Tajikistan,TJK,334196.0,250864.0,118639.0,156462.0
2015.0,Turkmenistan,TKM,113826.0,124705.0,91531.0,104845.0
2015.0,Uzbekistan,UZB,1023633.0,952391.0,545721.0,625152.0
2015.0,China,CHN,4769179.0,5471638.0,600136.0,377910.0
2015.0,"China, Hong Kong SAR",HKG,490995.0,466294.0,1120982.0,1720131.0
2015.0,"China, Macao SAR",MAC,60363.0,72933.0,174589.0,201477.0
2015.0,"China, Taiwan Province of China",TWN,0.0,0.0,0.0,0.0
2015.0,Dem. People's Republic of Korea,PRK,54930.0,48968.0,24110.0,24348.0
2015.0,Japan,JPN,351281.0,413127.0,1050070.0,1182119.0
2015.0,Mongolia,MNG,30999.0,34486.0,13284.0,6602.0
2015.0,Republic of Korea,KOR,1062957.0,1089575.0,760957.0,609948.0
2015.0,Brunei Darussalam,BRN,26000.0,19110.0,58181.0,44552.0
2015.0,Cambodia,KHM,505718.0,568854.0,39854.0,34108.0
2015.0,Indonesia,IDN,2272231.0,1792864.0,196717.0,141407.0
2015.0,Lao People's Democratic Republic,LAO,592231.0,695948.0,29335.0,16203.0
2015.0,Malaysia,MYS,816165.0,964873.0,1996220.0,1284461.0
2015.0,Myanmar,MMR,1593428.0,1249066.0,40178.0,33131.0
2015.0,Philippines,PHL,2533069.0,2965163.0,109783.0,102079.0
2015.0,Singapore,SGP,157614.0,167025.0,1096394.0,1387011.0
2015.0,Thailand,THA,348078.0,573612.0,1742708.0,1727512.0
2015.0,Timor-Leste,TLS,20585.0,16740.0,5148.0,3372.0
2015.0,Viet Nam,VNM,1464610.0,1444881.0,42168.0,30625.0
2015.0,Afghanistan,AFG,2902913.0,2498003.0,171550.0,167882.0
2015.0,Bangladesh,BGD,4505672.0,2325610.0,751741.0,670438.0
2015.0,Bhutan,BTN,26218.0,25173.0,43396.0,7710.0
2015.0,India,IND,10356573.0,5529084.0,2474515.0,2736332.0
2015.0,Iran (Islamic Republic of),IRN,617010.0,538607.0,1487403.0,1242536.0
2015.0,Maldives,MDV,1685.0,1921.0,56345.0,7928.0
2015.0,Nepal,NPL,1239154.0,1031012.0,156361.0,353110.0
2015.0,Pakistan,PAK,3743863.0,2054347.0,1845470.0,1661050.0
2015.0,Sri Lanka,LKA,937571.0,718682.0,20745.0,18961.0
2015.0,Armenia,ARM,507143.0,437377.0,77436.0,113763.0
2015.0,Azerbaijan,AZE,606730.0,523618.0,126656.0,137703.0
2015.0,Bahrain,BHR,29822.0,26899.0,529546.0,192941.0
2015.0,Cyprus,CYP,79109.0,87476.0,77357.0,99336.0
2015.0,Georgia,GEO,411330.0,417601.0,33570.0,43115.0
2015.0,Iraq,IRQ,910222.0,765391.0,209217.0,150135.0
2015.0,Israel,ISR,169899.0,161427.0,912899.0,1098828.0
2015.0,Jordan,JOR,449065.0,257767.0,1594808.0,1572153.0
2015.0,Kuwait,KWT,118278.0,76756.0,1901855.0,964281.0
2015.0,Lebanon,LBN,447670.0,309513.0,921661.0,994598.0
2015.0,Oman,OMN,11967.0,10830.0,1552000.0,304226.0
2015.0,Qatar,QAT,11902.0,11672.0,1416361.0,271279.0
2015.0,Saudi Arabia,SAU,154312.0,128594.0,7461502.0,3309864.0
2015.0,State of Palestine,PSE,1972565.0,1801423.0,124710.0,148453.0
2015.0,Syrian Arab Republic,SYR,3664034.0,2783809.0,426967.0,408749.0
2015.0,Turkey,TUR,1587410.0,1486124.0,2390166.0,1956031.0
2015.0,United Arab Emirates,ARE,94400.0,83924.0,5890170.0,2104956.0
2015.0,Yemen,YEM,720626.0,374614.0,199390.0,180492.0
2015.0,Belarus,BLR,623669.0,846213.0,495961.0,586944.0
2015.0,Bulgaria,BGR,496720.0,682905.0,60058.0,63745.0
2015.0,Czechia,CZE,353286.0,466490.0,239228.0,177226.0
2015.0,Hungary,HUN,292523.0,308364.0,235719.0,239789.0
2015.0,Poland,POL,1884117.0,2192921.0,256623.0,355232.0
2015.0,Republic of Moldova,MDA,430866.0,498893.0,43467.0,62907.0
2015.0,Romania,ROU,1567809.0,1852905.0,146758.0,134290.0
2015.0,Russian Federation,RUS,4449268.0,5730731.0,5715211.0,5928065.0
2015.0,Slovakia,SVK,157103.0,190282.0,89011.0,88613.0
2015.0,Ukraine,UKR,2609505.0,3188045.0,2113924.0,2801218.0
2015.0,Channel Islands,CHA,8292.0,8177.0,39338.0,42969.0
2015.0,Denmark,DNK,111890.0,124942.0,291431.0,304445.0
2015.0,Estonia,EST,84113.0,104996.0,80024.0,114640.0
2015.0,Faroe Islands,FRO,5736.0,7671.0,2783.0,2702.0
2015.0,Finland,FIN,108794.0,173429.0,159315.0,155541.0
2015.0,Iceland,ISL,18348.0,18658.0,19070.0,20002.0
2015.0,Ireland,IRL,334784.0,401855.0,376338.0,382918.0
2015.0,Isle of Man,IMN,5185.0,5395.0,20596.0,21642.0
2015.0,Latvia,LVA,165315.0,203923.0,104011.0,161407.0
2015.0,Lithuania,LTU,244904.0,311388.0,57508.0,78513.0
2015.0,Norway,NOR,82268.0,103310.0,389370.0,357005.0
2015.0,Sweden,SWE,135980.0,166428.0,786870.0,815652.0
2015.0,United Kingdom,GBR,2223600.0,2155766.0,4021255.0,4385741.0
2015.0,Albania,ALB,576220.0,566624.0,26517.0,25514.0
2015.0,Andorra,AND,4200.0,4540.0,21485.0,20779.0
2015.0,Bosnia and Herzegovina,BIH,763150.0,830280.0,18412.0,20185.0
2015.0,Croatia,HRV,375750.0,430492.0,260473.0,300620.0
2015.0,Gibraltar,GIB,5766.0,6150.0,5591.0,5474.0
2015.0,Greece,GRC,421173.0,398946.0,570529.0,672395.0
2015.0,Holy See,VAT,115.0,195.0,376.0,414.0
2015.0,Italy,ITA,1400582.0,1262079.0,2637798.0,3167530.0
2015.0,Malta,MLT,47197.0,46357.0,28332.0,24310.0
2015.0,Montenegro,MNE,61328.0,72700.0,28178.0,43541.0
2015.0,North Macedonia,MNP,291278.0,272076.0,54496.0,76234.0
2015.0,Portugal,PRT,1010281.0,961374.0,398390.0,466424.0
2015.0,San Marino,SMR,1269.0,2419.0,2867.0,2328.0
2015.0,Serbia,SRB,406341.0,420550.0,355180.0,452261.0
2015.0,Slovenia,SVN,61173.0,75365.0,134460.0,103156.0
2015.0,Spain,ESP,578769.0,690514.0,2884000.0,3007208.0
2015.0,Austria,AUT,233867.0,281367.0,714537.0,768586.0
2015.0,Belgium,BEL,243956.0,271837.0,869989.0,913499.0
2015.0,France,FRA,1023721.0,1095545.0,3808573.0,4069765.0
2015.0,Germany,DEU,1689326.0,1940952.0,5037961.0,5182457.0
2015.0,Liechtenstein,LIE,1565.0,1971.0,11605.0,12194.0
2015.0,Luxembourg,LUX,32722.0,36644.0,126129.0,122759.0
2015.0,Monaco,MCO,13915.0,15402.0,12599.0,13384.0
2015.0,Netherlands,NLD,435630.0,431463.0,952313.0,1044005.0
2015.0,Switzerland,CHE,295958.0,348897.0,1103416.0,1154780.0
2015.0,Anguilla,AIA,1350.0,1203.0,2594.0,2877.0
2015.0,Antigua and Barbuda,ATG,23792.0,28397.0,12524.0,15558.0
2015.0,Aruba,ABW,7257.0,9364.0,16108.0,20006.0
2015.0,Bahamas,BHS,18115.0,24850.0,29963.0,29278.0
2015.0,Barbados,BRB,47152.0,54727.0,15488.0,18987.0
2015.0,"Bonaire, Sint Eustatius and Saba",BES,3247.0,4048.0,0.0,0.0
2015.0,British Virgin Islands,VGB,2245.0,2873.0,9413.0,10122.0
2015.0,Cayman Islands,CYM,796.0,913.0,13406.0,12787.0
2015.0,Cuba,CUB,702390.0,803437.0,2027.0,2622.0
2015.0,Curaçao,CUW,3141.0,3098.0,15467.0,22144.0
2015.0,Dominica,DMA,30442.0,42143.0,4215.0,3878.0
2015.0,Dominican Republic,DOM,608480.0,846122.0,353448.0,195841.0
2015.0,Grenada,GRD,30025.0,39030.0,3502.0,3555.0
2015.0,Guadeloupe,GLP,4674.0,7319.0,38680.0,52276.0
2015.0,Haiti,HTI,793349.0,673693.0,10036.0,8011.0
2015.0,Jamaica,JAM,440347.0,591249.0,11765.0,11400.0
2015.0,Martinique,MTQ,5516.0,7159.0,29432.0,39742.0
2015.0,Montserrat,MSR,8863.0,11273.0,696.0,655.0
2015.0,Puerto Rico,PRI,841611.0,874206.0,130916.0,149578.0
2015.0,Saint Barthélemy,BLM,0.0,0.0,0.0,0.0
2015.0,Saint Kitts and Nevis,KNA,18114.0,22097.0,3916.0,3527.0
2015.0,Saint Lucia,LCA,24201.0,33738.0,4179.0,4494.0
2015.0,Saint Martin (French part),MAF,0.0,0.0,0.0,0.0
2015.0,Saint Vincent and the Grenadines,VCT,29062.0,33230.0,2355.0,2282.0
2015.0,Sint Maarten (Dutch part),SXM,932.0,997.0,13077.0,14218.0
2015.0,Trinidad and Tobago,TTO,154574.0,214059.0,24464.0,25557.0
2015.0,Turks and Caicos Islands,TCA,1036.0,1418.0,11759.0,10964.0
2015.0,United States Virgin Islands,VIR,2206.0,1747.0,26728.0,29993.0
2015.0,Belize,BLZ,26615.0,36484.0,27473.0,27142.0
2015.0,Costa Rica,CRI,59116.0,79121.0,197613.0,214084.0
2015.0,El Salvador,SLV,753461.0,759434.0,20006.0,22053.0
2015.0,Guatemala,GTM,557854.0,560261.0,35728.0,39124.0
2015.0,Honduras,HND,305667.0,424188.0,20123.0,18207.0
2015.0,Mexico,MEX,6358119.0,5565115.0,508232.0,505459.0
2015.0,Nicaragua,NIC,305105.0,350472.0,20723.0,19538.0
2015.0,Panama,PAN,73545.0,76665.0,94841.0,89869.0
2015.0,Argentina,ARG,462826.0,481017.0,960310.0,1125991.0
2015.0,Bolivia (Plurinational State of),BOL,390857.0,433151.0,74949.0,68059.0
2015.0,Brazil,BRA,637038.0,867193.0,383457.0,326847.0
2015.0,Chile,CHL,291195.0,326820.0,319714.0,320010.0
2015.0,Colombia,COL,1234218.0,1464470.0,85158.0,74249.0
2015.0,Ecuador,ECU,538153.0,592621.0,200352.0,187161.0
2015.0,Falkland Islands (Malvinas),FLK,578.0,792.0,873.0,698.0
2015.0,French Guiana,GUF,1847.0,2670.0,50399.0,55709.0
2015.0,Guyana,GUY,222385.0,258873.0,4794.0,3867.0
2015.0,Paraguay,PRY,363105.0,482486.0,81303.0,75159.0
2015.0,Peru,PER,605953.0,804246.0,91090.0,63684.0
2015.0,Suriname,SUR,112784.0,141828.0,23544.0,19583.0
2015.0,Uruguay,URY,167247.0,185978.0,35642.0,43157.0
2015.0,Venezuela (Bolivarian Republic of),VEN,311554.0,397586.0,703458.0,700990.0
2015.0,Bermuda,BMU,8007.0,8218.0,9421.0,9791.0
2015.0,Canada,CAN,479163.0,784389.0,3533164.0,3895493.0
2015.0,Greenland,GRL,7154.0,9557.0,3951.0,2058.0
2015.0,Saint Pierre and Miquelon,SPM,222.0,178.0,516.0,470.0
2015.0,United States of America,USA,1365833.0,1351928.0,23446873.0,24732004.0
2015.0,Australia,AUS,248125.0,270033.0,3343330.0,3386400.0
2015.0,New Zealand,NZL,374571.0,363473.0,502787.0,536949.0
2015.0,Fiji,FJI,99311.0,109257.0,7421.0,6330.0
2015.0,New Caledonia,NCL,2725.0,2859.0,36181.0,32700.0
2015.0,Papua New Guinea,PNG,2351.0,2629.0,18734.0,12206.0
2015.0,Solomon Islands,SLB,1913.0,1973.0,1450.0,1135.0
2015.0,Vanuatu,VUT,3223.0,3528.0,1583.0,1603.0
2015.0,Guam,GUM,981.0,1151.0,39246.0,36843.0
2015.0,Kiribati,KIR,2017.0,2110.0,1539.0,1380.0
2015.0,Marshall Islands,MHL,3763.0,3862.0,2011.0,1273.0
2015.0,Micronesia (Fed. States of),FSM,10312.0,10321.0,1473.0,1283.0
2015.0,Nauru,NRU,1128.0,1139.0,1037.0,796.0
2015.0,Northern Mariana Islands,MNP,1339.0,1268.0,9100.0,12548.0
2015.0,Palau,PLW,1329.0,1230.0,2996.0,1941.0
2015.0,American Samoa,ASM,992.0,969.0,11998.0,11515.0
2015.0,Cook Islands,COK,10691.0,10864.0,2090.0,2078.0
2015.0,French Polynesia,PYF,1082.0,896.0,17136.0,12922.0
2015.0,Niue,NIU,2620.0,2728.0,319.0,269.0
2015.0,Samoa,WSM,57509.0,59346.0,2151.0,2104.0
2015.0,Tokelau,TKL,1096.0,1075.0,564.0,621.0
2015.0,Tonga,TON,29476.0,29727.0,2158.0,1796.0
2015.0,Tuvalu,TUV,1593.0,1610.0,126.0,104.0
2015.0,Wallis and Futuna Islands,WLF,5364.0,5863.0,1035.0,1015.0
2020.0,Burundi,BY,274913.0,276192.0,170125.0,174642.0
2020.0,Comoros,COM,73002.0,77821.0,6044.0,6452.0
2020.0,Djibouti,DJI,9293.0,9072.0,62863.0,56875.0
2020.0,Eritrea,ERI,422881.0,379941.0,7815.0,6119.0
2020.0,Ethiopia,ETH,510262.0,435867.0,536807.0,548710.0
2020.0,Kenya,KEN,252759.0,282589.0,529975.0,520172.0
2020.0,Madagascar,MDG,74976.0,118550.0,20262.0,15301.0
2020.0,Malawi,MWI,185426.0,125626.0,93612.0,97750.0
2020.0,Mauritius,MUS,82790.0,100183.0,16003.0,12890.0
2020.0,Mayotte,MYT,3305.0,3462.0,51609.0,59931.0
2020.0,Mozambique,MOZ,385940.0,254220.0,165490.0,173360.0
2020.0,Réunion,REU,1189.0,1875.0,66852.0,64917.0
2020.0,Rwanda,RWA,241187.0,251302.0,259907.0,254000.0
2020.0,Seychelles,SYC,12624.0,16634.0,9136.0,3914.0
2020.0,Somalia,SOM,1064786.0,969435.0,32285.0,26305.0
2020.0,South Sudan,SSD,1271104.0,1304766.0,443405.0,438847.0
2020.0,Uganda,UGS,372735.0,408705.0,827664.0,892649.0
2020.0,United Republic of Tanzania,TZA,162475.0,165388.0,213007.0,213010.0
2020.0,Zambia,ZMB,93621.0,107079.0,97556.0,90399.0
2020.0,Zimbabwe,ZWE,641172.0,602142.0,236561.0,179580.0
2020.0,Angola,AGO,334386.0,333680.0,331401.0,325033.0
2020.0,Cameroon,CMR,219379.0,221636.0,286254.0,292955.0
2020.0,Central African Republic,CAF,409486.0,407182.0,46357.0,42189.0
2020.0,Chad,TCD,119894.0,102409.0,249548.0,297946.0
2020.0,Congo,COG,113453.0,110314.0,211403.0,176203.0
2020.0,Democratic Republic of the Congo,COD,916179.0,915890.0,459052.0,493819.0
2020.0,Equatorial Guinea,GNQ,68753.0,60021.0,177716.0,52902.0
2020.0,Gabon,GAB,23205.0,25187.0,268032.0,148619.0
2020.0,Sao Tome and Principe,STP,18831.0,20777.0,1067.0,1072.0
2020.0,Algeria,DZA,1085651.0,936686.0,132142.0,118236.0
2020.0,Egypt,EGY,2341886.0,1268575.0,289552.0,254385.0
2020.0,Libya,LBY,101126.0,84392.0,593797.0,232740.0
2020.0,Morocco,MAR,1707428.0,1554794.0,52707.0,49651.0
2020.0,Sudan,SND,1155684.0,949203.0,685177.0,693970.0
2020.0,Tunisia,TUN,502404.0,399864.0,31474.0,28671.0
2020.0,Western Sahara,ESH,102851.0,92081.0,3205.0,2219.0
2020.0,Botswana,BWA,39730.0,23831.0,62817.0,47451.0
2020.0,Eswatini,SWZ,24339.0,25700.0,16921.0,15937.0
2020.0,Lesotho,LSO,89567.0,112597.0,6537.0,5523.0
2020.0,Namibia,NAM,23612.0,24158.0,59024.0,50367.0
2020.0,South Africa,ZAF,451638.0,463263.0,1627294.0,1233201.0
2020.0,Benin,BEN,365338.0,316489.0,185619.0,208657.0
2020.0,Burkina Faso,BFA,894339.0,705008.0,344331.0,379658.0
2020.0,Cabo Verde,CPV,85032.0,102526.0,7985.0,7803.0
2020.0,Côte d'Ivoire,CIV,571219.0,578079.0,1420248.0,1144609.0
2020.0,Gambia,GMB,93414.0,45796.0,113766.0,101893.0
2020.0,Ghana,GHA,529432.0,474892.0,254403.0,222009.0
2020.0,Guinea,GIN,312062.0,238728.0,71385.0,50052.0
2020.0,Guinea-Bissau,GNB,60632.0,51158.0,8867.0,9078.0
2020.0,Liberia,LBR,116235.0,117329.0,50694.0,37253.0
2020.0,Mali,MLI,742057.0,561454.0,246308.0,239521.0
2020.0,Mauritania,MRT,80059.0,50167.0,103203.0,79083.0
2020.0,Niger,NER,236316.0,163391.0,162019.0,186037.0
2020.0,Nigeria,NGA,877687.0,792768.0,713678.0,594890.0
2020.0,Saint Helena,SHN,1981.0,2904.0,306.0,131.0
2020.0,Senegal,SEN,430442.0,263323.0,145591.0,129338.0
2020.0,Sierra Leone,SLE,76143.0,76343.0,30408.0,23338.0
2020.0,Togo,TGO,271522.0,273887.0,141807.0,138129.0
2020.0,Kazakhstan,KAZ,1934708.0,2269191.0,1850097.0,1881976.0
2020.0,Kyrgyzstan,KGZ,368266.0,406111.0,80456.0,118555.0
2020.0,Tajikistan,TJK,337393.0,249458.0,119174.0,156857.0
2020.0,Turkmenistan,TKM,115596.0,126958.0,92357.0,102563.0
2020.0,Uzbekistan,UZB,1051416.0,976407.0,543364.0,618643.0
2020.0,China,CHN,4768512.0,5692658.0,637952.0,401723.0
2020.0,"China, Hong Kong SAR",HKG,516106.0,491682.0,1107970.0,1854522.0
2020.0,"China, Macao SAR",MAC,64597.0,80595.0,187321.0,216169.0
2020.0,"China, Taiwan Province of China",TWN,0.0,0.0,0.0,0.0
2020.0,Dem. People's Republic of Korea,PRK,58162.0,52215.0,24654.0,24895.0
2020.0,Japan,JPN,362930.0,445895.0,1347156.0,1423840.0
2020.0,Mongolia,MNG,39366.0,42732.0,14263.0,7082.0
2020.0,Republic of Korea,KOR,1088491.0,1116063.0,958365.0,769817.0
2020.0,Brunei Darussalam,BRN,25825.0,19515.0,63407.0,48552.0
2020.0,Cambodia,KHM,513004.0,591815.0,42730.0,36611.0
2020.0,Indonesia,IDN,2560770.0,2040599.0,206538.0,148967.0
2020.0,Lao People's Democratic Republic,LAO,571192.0,724859.0,31393.0,17338.0
2020.0,Malaysia,MYS,805157.0,1054880.0,2156265.0,1320295.0
2020.0,Myanmar,MMR,2323899.0,1387852.0,41898.0,34548.0
2020.0,Philippines,PHL,2804967.0,3289340.0,117105.0,108420.0
2020.0,Singapore,SGP,166831.0,181633.0,1112517.0,1411131.0
2020.0,Thailand,THA,423456.0,663529.0,1821857.0,1810639.0
2020.0,Timor-Leste,TLS,21796.0,17792.0,5076.0,3323.0
2020.0,Viet Nam,VNM,1686851.0,1705174.0,44471.0,32296.0
2020.0,Afghanistan,AFG,3226319.0,2627519.0,69189.0,74909.0
2020.0,Bangladesh,BGD,4971930.0,2429833.0,1093978.0,1021430.0
2020.0,Bhutan,BTN,26295.0,25703.0,45524.0,8088.0
2020.0,India,IND,11732041.0,6137451.0,2273912.0,2604792.0
2020.0,Iran (Islamic Republic of),IRN,708864.0,616249.0,1517518.0,1279717.0
2020.0,Maldives,MDV,1745.0,1970.0,61437.0,8642.0
2020.0,Nepal,NPL,1461696.0,1138005.0,146930.0,340634.0
2020.0,Pakistan,PAK,4147071.0,2181329.0,1812804.0,1463776.0
2020.0,Sri Lanka,LKA,1128237.0,831788.0,21196.0,19058.0
2020.0,Armenia,ARM,513437.0,444753.0,78085.0,112264.0
2020.0,Azerbaijan,AZE,623400.0,540522.0,121007.0,131221.0
2020.0,Bahrain,BHR,23771.0,34499.0,694238.0,241856.0
2020.0,Cyprus,CYP,83014.0,90196.0,85679.0,104687.0
2020.0,Georgia,GEO,428794.0,432283.0,34879.0,44489.0
2020.0,Iraq,IRQ,1038010.0,1039966.0,201427.0,164339.0
2020.0,Israel,ISR,185213.0,173478.0,886517.0,1067058.0
2020.0,Jordan,JOR,516954.0,297955.0,1756637.0,1701054.0
2020.0,Kuwait,KWT,129614.0,82657.0,2063430.0,1046729.0
2020.0,Lebanon,LBN,506899.0,349915.0,839706.0,873056.0
2020.0,Oman,OMN,13574.0,11525.0,1984025.0,388811.0
2020.0,Qatar,QAT,13145.0,12560.0,1842785.0,383407.0
2020.0,Saudi Arabia,SAU,165183.0,134085.0,9235130.0,4219712.0
2020.0,State of Palestine,PSE,2112254.0,1910537.0,124737.0,148047.0
2020.0,Syrian Arab Republic,SYR,4869975.0,3587239.0,432279.0,436432.0
2020.0,Turkey,TUR,1766026.0,1645382.0,3124165.0,2928487.0
2020.0,United Arab Emirates,ARE,107455.0,95759.0,6419792.0,2296540.0
2020.0,Yemen,YEM,847302.0,453864.0,223512.0,163601.0
2020.0,Belarus,BLR,630018.0,853608.0,488713.0,578377.0
2020.0,Bulgaria,BGR,692856.0,990218.0,91585.0,92778.0
2020.0,Czechia,CZE,436228.0,589880.0,312941.0,227980.0
2020.0,Hungary,HUN,352495.0,361925.0,303065.0,281502.0
2020.0,Poland,POL,2298995.0,2526101.0,390449.0,426805.0
2020.0,Republic of Moldova,MDA,554320.0,605123.0,42743.0,61695.0
2020.0,Romania,ROU,1874015.0,2113078.0,386946.0,318364.0
2020.0,Russian Federation,RUS,4655021.0,6101676.0,5712089.0,5924822.0
2020.0,Slovakia,SVK,195564.0,224087.0,100551.0,96610.0
2020.0,Ukraine,UKR,2778617.0,3360527.0,2149298.0,2848089.0
2020.0,Channel Islands,CHA,8836.0,8322.0,40190.0,43897.0
2020.0,Denmark,DNK,122100.0,134925.0,354476.0,363098.0
2020.0,Estonia,EST,91437.0,115194.0,86767.0,112510.0
2020.0,Faroe Islands,FRO,5511.0,7416.0,3542.0,3270.0
2020.0,Finland,FIN,123798.0,188091.0,198822.0,187230.0
2020.0,Iceland,ISL,21173.0,22078.0,35716.0,29708.0
2020.0,Ireland,IRL,341607.0,392710.0,434756.0,436500.0
2020.0,Isle of Man,IMN,5816.0,6216.0,20987.0,22053.0
2020.0,Latvia,LVA,172595.0,207415.0,97022.0,142400.0
2020.0,Lithuania,LTU,288652.0,369405.0,73148.0,72036.0
2020.0,Norway,NOR,82789.0,108603.0,439206.0,413032.0
2020.0,Sweden,SWE,147538.0,180043.0,1008006.0,995902.0
2020.0,United Kingdom,GBR,2408739.0,2323771.0,4464423.0,4895164.0
2020.0,Albania,ALB,642626.0,607825.0,24908.0,23902.0
2020.0,Andorra,AND,5302.0,5830.0,23333.0,22241.0
2020.0,Bosnia and Herzegovina,BIH,820732.0,866907.0,16880.0,19162.0
2020.0,Croatia,HRV,495533.0,543993.0,245564.0,282492.0
2020.0,Gibraltar,GIB,6434.0,6955.0,5656.0,5534.0
2020.0,Greece,GRC,567041.0,521466.0,642639.0,697817.0
2020.0,Holy See,VAT,71.0,103.0,372.0,437.0
2020.0,Italy,ITA,1757002.0,1501829.0,2965914.0,3421084.0
2020.0,Malta,MLT,51684.0,51109.0,66055.0,48705.0
2020.0,Montenegro,MNE,61547.0,71418.0,27995.0,43004.0
2020.0,North Macedonia,MNP,357739.0,336157.0,54740.0,76571.0
2020.0,Portugal,PRT,1074098.0,1007321.0,479936.0,522027.0
2020.0,San Marino,SMR,986.0,1421.0,2991.0,2552.0
2020.0,Serbia,SRB,497564.0,506398.0,362493.0,460518.0
2020.0,Slovenia,SVN,73387.0,86810.0,162815.0,115149.0
2020.0,Spain,ESP,697833.0,791990.0,3272773.0,3569429.0
2020.0,Austria,AUT,281323.0,319417.0,848395.0,889788.0
2020.0,Belgium,BEL,276754.0,300709.0,984117.0,1021362.0
2020.0,France,FRA,1139109.0,1202799.0,4130737.0,4394139.0
2020.0,Germany,DEU,1784487.0,2070781.0,7891635.0,7870822.0
2020.0,Liechtenstein,LIE,1655.0,2051.0,12619.0,13258.0
2020.0,Luxembourg,LUX,40460.0,41297.0,151653.0,146409.0
2020.0,Monaco,MCO,15473.0,17079.0,12897.0,13704.0
2020.0,Netherlands,NLD,484739.0,485664.0,1134404.0,1223929.0
2020.0,Switzerland,CHE,326599.0,387024.0,1222202.0,1269047.0
2020.0,Anguilla,AIA,1293.0,1212.0,2706.0,3009.0
2020.0,Antigua and Barbuda,ATG,29948.0,36613.0,13120.0,16266.0
2020.0,Aruba,ABW,9326.0,12130.0,24307.0,29286.0
2020.0,Bahamas,BHS,22329.0,31464.0,32161.0,31422.0
2020.0,Barbados,BRB,45906.0,53705.0,15668.0,19201.0
2020.0,"Bonaire, Sint Eustatius and Saba",BES,3657.0,4491.0,0.0,0.0
2020.0,British Virgin Islands,VGB,2343.0,3012.0,10681.0,11483.0
2020.0,Cayman Islands,CYM,863.0,1045.0,15017.0,14225.0
2020.0,Cuba,CUB,822706.0,934594.0,1312.0,1712.0
2020.0,Curaçao,CUW,3800.0,3811.0,24958.0,32252.0
2020.0,Dominica,DMA,32456.0,45735.0,4314.0,3970.0
2020.0,Dominican Republic,DOM,664406.0,944161.0,382542.0,221252.0
2020.0,Grenada,GRD,27572.0,34632.0,3292.0,3921.0
2020.0,Guadeloupe,GLP,4953.0,7589.0,37914.0,52292.0
2020.0,Haiti,HTI,964896.0,804775.0,10499.0,8385.0
2020.0,Jamaica,JAM,475022.0,643909.0,12008.0,11621.0
2020.0,Martinique,MTQ,5623.0,7340.0,29199.0,39425.0
2020.0,Montserrat,MSR,10680.0,13902.0,711.0,668.0
2020.0,Puerto Rico,PRI,905682.0,944847.0,114868.0,132264.0
2020.0,Saint Barthélemy,BLM,0.0,0.0,0.0,0.0
2020.0,Saint Kitts and Nevis,KNA,22359.0,27926.0,4066.0,3659.0
2020.0,Saint Lucia,LCA,29632.0,41595.0,4004.0,4334.0
2020.0,Saint Martin (French part),MAF,0.0,0.0,0.0,0.0
2020.0,Saint Vincent and the Grenadines,VCT,25768.0,29757.0,2443.0,2295.0
2020.0,Sint Maarten (Dutch part),SXM,1065.0,1126.0,13822.0,15023.0
2020.0,Trinidad and Tobago,TTO,137377.0,193142.0,39179.0,39670.0
2020.0,Turks and Caicos Islands,TCA,1136.0,1553.0,13325.0,12423.0
2020.0,United States Virgin Islands,VIR,2169.0,1739.0,26744.0,30009.0
2020.0,Belize,BLZ,22097.0,30659.0,31210.0,30833.0
2020.0,Costa Rica,CRI,64129.0,86112.0,263636.0,257093.0
2020.0,El Salvador,SLV,794168.0,804890.0,20344.0,22423.0
2020.0,Guatemala,GTM,676642.0,691789.0,39916.0,44395.0
2020.0,Honduras,HND,401073.0,584004.0,20575.0,18620.0
2020.0,Mexico,MEX,5947873.0,5237864.0,601509.0,596115.0
2020.0,Nicaragua,NIC,338488.0,379666.0,21683.0,20484.0
2020.0,Panama,PAN,68065.0,71455.0,167057.0,146108.0
2020.0,Argentina,ARG,525891.0,550257.0,1062533.0,1219195.0
2020.0,Bolivia (Plurinational State of),BOL,435335.0,491909.0,85961.0,78160.0
2020.0,Brazil,BRA,801922.0,1095206.0,582881.0,496827.0
2020.0,Chile,CHL,306204.0,337596.0,830073.0,814942.0
2020.0,Colombia,COL,1376442.0,1647831.0,953735.0,951658.0
2020.0,Ecuador,ECU,531506.0,596385.0,406860.0,377927.0
2020.0,Falkland Islands (Malvinas),FLK,636.0,882.0,1089.0,868.0
2020.0,French Guiana,GUF,1904.0,2691.0,56642.0,62607.0
2020.0,Guyana,GUY,201232.0,237181.0,14497.0,16672.0
2020.0,Paraguay,PRY,384808.0,511676.0,88311.0,81256.0
2020.0,Peru,PER,665107.0,854528.0,642404.0,582115.0
2020.0,Suriname,SUR,120783.0,152426.0,26271.0,21530.0
2020.0,Uruguay,URY,174801.0,192259.0,50937.0,57330.0
2020.0,Venezuela (Bolivarian Republic of),VEN,2605202.0,2810135.0,652823.0,671370.0
2020.0,Bermuda,BMU,10312.0,10795.0,9724.0,10015.0
2020.0,Canada,CAN,499038.0,793291.0,3828361.0,4220962.0
2020.0,Greenland,GRL,7658.0,10208.0,3822.0,2077.0
2020.0,Saint Pierre and Miquelon,SPM,242.0,191.0,523.0,475.0
2020.0,United States of America,USA,1504237.0,1491986.0,24478996.0,26153840.0
2020.0,Australia,AUS,287109.0,311656.0,3812187.0,3873673.0
2020.0,New Zealand,NZL,406733.0,399426.0,668164.0,713560.0
2020.0,Fiji,FJI,110816.0,123040.0,7601.0,6486.0
2020.0,New Caledonia,NCL,2855.0,2984.0,38284.0,34857.0
2020.0,Papua New Guinea,PNG,2353.0,2457.0,18895.0,12173.0
2020.0,Solomon Islands,SLB,2072.0,2198.0,1415.0,1105.0
2020.0,Vanuatu,VUT,3430.0,3816.0,1619.0,1638.0
2020.0,Guam,GUM,1007.0,1206.0,41508.0,38964.0
2020.0,Kiribati,KIR,2495.0,2608.0,1650.0,1476.0
2020.0,Marshall Islands,MHL,5315.0,5571.0,2021.0,1277.0
2020.0,Micronesia (Fed. States of),FSM,12361.0,12584.0,1515.0,1317.0
2020.0,Nauru,NRU,1214.0,1240.0,1297.0,904.0
2020.0,Northern Mariana Islands,MNP,1401.0,1340.0,9183.0,12660.0
2020.0,Palau,PLW,1386.0,1270.0,2888.0,2200.0
2020.0,American Samoa,ASM,924.0,908.0,12047.0,11561.0
2020.0,Cook Islands,COK,10453.0,10653.0,2290.0,2289.0
2020.0,French Polynesia,PYF,1187.0,970.0,17150.0,12931.0
2020.0,Niue,NIU,2555.0,2631.0,319.0,269.0
2020.0,Samoa,WSM,66671.0,69061.0,2031.0,1990.0
2020.0,Tokelau,TKL,1068.0,1044.0,586.0,652.0
2020.0,Tonga,TON,36751.0,37799.0,2044.0,1698.0
2020.0,Tuvalu,TUV,1816.0,1854.0,132.0,107.0
2020.0,Wallis and Futuna Islands,WLF,5673.0,6244.0,1030.0,1010.0
